customerid,recency,frequency,monetaryValue,r_score,f_score,m_score,rfm_score,segment,aov,expected_gap,p_active,clv
CUSJ2V2H,17,4,2859.0,5,4,5,14,Champions,714.75,91.2,0.9111,1295.51
CUS9TMQL,19,5,3473.0,5,5,5,15,Champions,694.6,73.0,0.878,1516.59
CUSO4KH2,22,6,4516.0,5,5,5,15,Champions,752.67,60.8,0.8346,1874.58
CUS7U6N7,22,4,3018.0,5,4,5,14,Champions,754.5,91.2,0.8864,1330.59
CUSBNTPB,28,5,4239.0,5,5,5,15,Champions,847.8,73.0,0.8255,1740.42
CUSN9T84,31,2,1568.0,5,2,5,12,Potential Loyalist,784.0,182.5,0.9186,716.38
CUSPQ0Y9,32,3,2134.0,5,3,5,13,Loyal,711.33,121.7,0.8768,930.6
CUSL1CQ9,32,3,2039.0,5,3,5,13,Loyal,679.67,121.7,0.8768,889.17
CUSVAZCC,34,2,1514.0,5,2,4,11,Potential Loyalist,757.0,182.5,0.9111,686.04
CUSMKZEB,36,2,1425.0,5,2,4,11,Potential Loyalist,712.5,182.5,0.9061,642.19
CUS5907I,40,3,2490.0,5,3,5,13,Loyal,830.0,121.7,0.8484,1050.72
CUSZFK8U,44,4,2760.0,5,4,5,14,Champions,690.0,91.2,0.7858,1078.65
CUS65KXV,49,2,1500.0,5,2,4,11,Potential Loyalist,750.0,182.5,0.8744,652.33
CUSCRUYF,58,3,1944.0,5,3,5,13,Loyal,648.0,121.7,0.7879,761.83
CUSEYUHZ,59,4,2906.0,5,4,5,14,Champions,726.5,91.2,0.7238,1046.1
CUSEN93I,60,2,1579.0,5,2,5,12,Potential Loyalist,789.5,182.5,0.8484,666.3
CUSOR56F,61,1,699.0,5,1,2,8,New Customer,699.0,182.5,0.8461,294.16
CUSRCBPL,62,2,1239.0,5,2,4,11,Potential Loyalist,619.5,182.5,0.8438,519.97
CUSW3BME,63,2,1440.0,5,2,4,11,Potential Loyalist,720.0,182.5,0.8415,602.67
CUSTIRZQ,68,1,623.0,5,1,1,7,New Customer,623.0,182.5,0.83,257.19
CUSUBCXU,70,2,1515.0,4,2,4,10,Potential Loyalist,757.5,182.5,0.8255,622.02
CUSLQM5K,73,3,2127.0,4,3,5,12,Loyal,709.0,121.7,0.7408,783.72
CUSKQ1UY,73,2,1343.0,4,2,4,10,Potential Loyalist,671.5,182.5,0.8187,546.89
CUSZ41NA,75,2,1478.0,4,2,4,10,Potential Loyalist,739.0,182.5,0.8143,598.57
CUSFQEWA,80,2,1505.0,4,2,4,10,Potential Loyalist,752.5,182.5,0.8032,601.21
CUSM5IGQ,84,2,1327.0,4,2,4,10,Potential Loyalist,663.5,182.5,0.7944,524.33
CUS92MPN,84,3,2085.0,4,3,5,12,Loyal,695.0,121.7,0.7081,734.29
CUSV6OH9,85,3,2172.0,4,3,5,12,Loyal,724.0,121.7,0.7052,761.79
CUSY4SJ6,86,1,623.0,4,1,1,6,New Customer,623.0,182.5,0.7901,244.82
CUSKOIXN,90,3,2161.0,4,3,5,12,Loyal,720.33,121.7,0.6908,742.52
CUS6KVPU,90,1,756.0,4,1,3,8,New Customer,756.0,182.5,0.7815,293.84
CUSQPGB7,91,2,1449.0,4,2,4,10,Potential Loyalist,724.5,182.5,0.7793,561.66
CUSBDW2P,92,1,698.0,4,1,2,7,New Customer,698.0,182.5,0.7772,269.82
CUSTEIYZ,92,1,706.0,4,1,2,7,New Customer,706.0,182.5,0.7772,272.91
CUSBR7TC,95,2,1447.0,4,2,4,10,Potential Loyalist,723.5,182.5,0.7708,554.77
CUSQ0B8I,95,1,799.0,4,1,3,8,New Customer,799.0,182.5,0.7708,306.33
CUS3FB9W,97,1,716.0,4,1,2,7,New Customer,716.0,182.5,0.7666,273.01
CUS8D1WJ,101,1,640.0,4,1,1,6,New Customer,640.0,182.5,0.7583,241.37
CUS0LVSN,103,2,1323.0,4,2,4,10,Potential Loyalist,661.5,182.5,0.7541,496.23
CUSHR62G,103,1,672.0,4,1,2,7,New Customer,672.0,182.5,0.7541,252.05
CUSQ5C34,110,1,612.0,3,1,1,5,Promising,612.0,182.5,0.7398,225.19
CUSXO9T7,119,1,824.0,3,1,3,7,Promising,824.0,182.5,0.7218,295.81
CUSWD14V,121,1,803.0,3,1,3,7,Promising,803.0,182.5,0.7178,286.7
CUSG8SBI,122,1,716.0,3,1,2,6,Promising,716.0,182.5,0.7159,254.94
CUSP87WX,123,1,784.0,3,1,3,7,Promising,784.0,182.5,0.7139,278.38
CUSEQTUL,126,2,1551.0,3,2,5,10,Need Attention,775.5,182.5,0.7081,546.22
CUS8DRC1,128,2,1274.0,3,2,4,9,Need Attention,637.0,182.5,0.7042,446.22
CUSO64T0,132,2,1593.0,3,2,5,10,Need Attention,796.5,182.5,0.6965,551.87
CUSPZUE8,136,1,739.0,3,1,3,7,Promising,739.0,182.5,0.6889,253.22
CUSRP0J4,136,2,1471.0,3,2,4,9,Need Attention,735.5,182.5,0.6889,504.05
CUS8BBI4,138,1,661.0,3,1,1,5,Promising,661.0,182.5,0.6852,225.26
CUSWZS3T,141,1,790.0,3,1,3,7,Promising,790.0,182.5,0.6796,267.02
CUSFGSXW,147,2,1545.0,3,2,5,10,Need Attention,772.5,182.5,0.6685,513.69
CUSFAZZ8,151,1,729.0,3,1,3,7,Promising,729.0,182.5,0.6612,239.74
CUSBPS3Y,160,1,693.0,3,1,2,6,Promising,693.0,182.5,0.6451,222.35
CUSX8FSV,168,1,837.0,3,1,4,8,Promising,837.0,182.5,0.6311,262.73
CUSBQH7M,176,1,657.0,3,1,1,5,Promising,657.0,182.5,0.6174,201.76
CUSBKK4C,179,1,836.0,3,1,4,8,Promising,836.0,182.5,0.6124,254.63
CUSXTAD1,181,1,642.0,3,1,1,5,Promising,642.0,182.5,0.609,194.47
CUSOWGZR,184,1,637.0,3,1,1,5,Promising,637.0,182.5,0.604,191.38
CUSXDP5G,193,1,697.0,2,1,2,5,Hibernating,697.0,182.5,0.5893,204.3
CUS6QJIU,194,1,791.0,2,1,3,6,Hibernating,791.0,182.5,0.5877,231.22
CUSYT7D5,195,1,629.0,2,1,1,4,Hibernating,629.0,182.5,0.5861,183.36
CUS08YG0,201,1,785.0,2,1,3,6,Hibernating,785.0,182.5,0.5766,225.11
CUSAGL58,202,1,689.0,2,1,2,5,Hibernating,689.0,182.5,0.575,197.04
CUSSEMCI,205,1,640.0,2,1,1,4,Hibernating,640.0,182.5,0.5703,181.53
CUSE511M,210,1,711.0,2,1,2,5,Hibernating,711.0,182.5,0.5625,198.92
CUSV1V93,211,1,658.0,2,1,1,4,Hibernating,658.0,182.5,0.561,183.59
CUSHZIOY,213,1,717.0,2,1,2,5,Hibernating,717.0,182.5,0.5579,198.96
CUSSWM31,218,1,657.0,2,1,1,4,Hibernating,657.0,182.5,0.5503,179.83
CUSWJCKJ,223,1,828.0,2,1,4,7,Hibernating,828.0,182.5,0.5428,223.55
CUS60FKH,235,1,652.0,2,1,1,4,Hibernating,652.0,182.5,0.5253,170.34
CUST0HL9,251,1,712.0,2,1,2,5,Hibernating,712.0,182.5,0.5027,178.04
CUSUOVW1,254,1,715.0,2,1,2,5,Hibernating,715.0,182.5,0.4986,177.32
CUSY0IFZ,255,1,823.0,2,1,3,6,Hibernating,823.0,182.5,0.4973,203.55
CUSH75LX,262,1,826.0,2,1,3,6,Hibernating,826.0,182.5,0.4878,200.41
CUSHHPBM,267,1,785.0,2,1,3,6,Hibernating,785.0,182.5,0.4812,187.87
CUS5USGI,268,1,725.0,2,1,2,5,Hibernating,725.0,182.5,0.4799,173.04
CUSGOG72,270,1,805.0,2,1,3,6,Hibernating,805.0,182.5,0.4772,191.08
CUSXA11D,277,1,656.0,2,1,1,4,Hibernating,656.0,182.5,0.4682,152.76
CUSR23GD,280,1,690.0,1,1,2,4,Lost,690.0,182.5,0.4643,159.36
CUS8G8JD,282,1,688.0,1,1,2,4,Lost,688.0,182.5,0.4618,158.03
CUS43D8W,295,1,781.0,1,1,3,5,Lost,781.0,182.5,0.4457,173.11
CUSITFOY,300,1,674.0,1,1,2,4,Lost,674.0,182.5,0.4396,147.36
CUSF877V,310,1,604.0,1,1,1,3,Lost,604.0,182.5,0.4277,128.49
CUSKEYZ7,316,1,738.0,1,1,3,5,Lost,738.0,182.5,0.4207,154.43
CUS5Q14J,326,1,724.0,1,1,2,4,Lost,724.0,182.5,0.4094,147.41
CUSPTK93,330,1,602.0,1,1,1,3,Lost,602.0,182.5,0.4049,121.23
CUS6QICA,343,1,658.0,1,1,1,3,Lost,658.0,182.5,0.3907,127.88
CUS6SYLZ,343,1,632.0,1,1,1,3,Lost,632.0,182.5,0.3907,122.82
CUSJ2QP8,344,1,769.0,1,1,3,5,Lost,769.0,182.5,0.3897,149.04
CUSBMYYM,346,1,826.0,1,1,3,5,Lost,826.0,182.5,0.3875,159.21
CUSGVYIE,351,1,663.0,1,1,1,3,Lost,663.0,182.5,0.3823,126.05
CUSGXN0G,351,1,677.0,1,1,2,4,Lost,677.0,182.5,0.3823,128.72
CUS63CFL,351,1,835.0,1,1,4,6,Lost,835.0,182.5,0.3823,158.76
CUSCIYHE,352,1,747.0,1,1,3,5,Lost,747.0,182.5,0.3812,141.64
CUSZE5R5,353,1,672.0,1,1,2,4,Lost,672.0,182.5,0.3802,127.07
CUS8Z2FL,356,1,606.0,1,1,1,3,Lost,606.0,182.5,0.3771,113.65
CUSOTOHP,359,1,842.0,1,1,4,6,Lost,842.0,182.5,0.374,156.62
CUS4GH2M,365,1,779.0,1,1,3,5,Lost,779.0,182.5,0.3679,142.54
